lahome,road_classcat,length,length_bua
E06000022,2,0.2809346633490712,0.23015225168646433
E06000022,3,2.0382969948307696,1.3952933062953552
E06000022,4,0.010325888031585694,NA
